{
    "rmse": 0.7064747540354321,
    "mae": 0.5653989208735439,
    "r2": 0.24233576699676584
}